[
  {
    "id": "seed-1",
    "date": "2025-08-28",
    "start": "10:00",
    "end": "20:40",
    "note": "יום חמישי שעבר",
    "hours": 10.67,
    "overtime": 2.67,
    "pay": 613.5
  },
  {
    "id": "seed-2",
    "date": "2025-09-01",
    "start": "09:00",
    "end": "17:00",
    "note": "",
    "hours": 8.0,
    "overtime": 0.0,
    "pay": 320.0
  },
  {
    "id": "seed-3",
    "date": "2025-09-02",
    "start": "09:10",
    "end": "19:45",
    "note": "",
    "hours": 10.58,
    "overtime": 2.58,
    "pay": 449.0
  },
  {
    "id": "seed-4",
    "date": "2025-09-03",
    "start": "09:10",
    "end": "17:30",
    "note": "",
    "hours": 8.33,
    "overtime": 0.33,
    "pay": 333.2
  },
  {
    "id": "seed-5",
    "date": "2025-09-07",
    "start": "10:20",
    "end": "14:45",
    "note": "",
    "hours": 4.42,
    "overtime": 0.0,
    "pay": 176.8
  }
]